                  epoch,         train/box_loss,         train/cls_loss,         train/dfl_loss,   metrics/precision(B),      metrics/recall(B),       metrics/mAP50(B),    metrics/mAP50-95(B),           val/box_loss,           val/cls_loss,           val/dfl_loss,                 lr/pg0,                 lr/pg1,                 lr/pg2
                      1,                 1.6849,                 2.7375,                 1.3654,                 0.9281,                0.90188,                 0.9691,                0.72725,                  1.055,                   1.52,                0.97025,             0.00041369,             0.00041369,             0.00041369
                      2,                 1.0614,                 1.1573,                0.98994,                0.98291,                0.97766,                0.99245,                0.80064,                0.82279,                 0.8027,                0.85303,             0.00082214,             0.00082214,             0.00082214
                      3,                 0.9445,                0.89189,                0.94867,                0.95165,                0.97091,                0.98691,                0.79774,                0.85389,                0.72924,                0.87463,              0.0012223,              0.0012223,              0.0012223
                      4,                0.89643,                0.76326,                0.92754,                0.97242,                0.98591,                0.99358,                0.85618,                0.71028,                0.55821,                0.83228,              0.0012129,              0.0012129,              0.0012129
                      5,                0.84506,                0.64992,                0.90517,                0.97568,                0.98834,                 0.9944,                0.85934,                0.69592,                0.52139,                0.83021,              0.0012129,              0.0012129,              0.0012129
                      6,                0.83187,                 0.6081,                0.89784,                0.97118,                0.98984,                 0.9918,                0.84277,                0.73777,                0.51125,                0.83322,              0.0012005,              0.0012005,              0.0012005
                      7,                0.78081,                 0.5492,                0.88186,                 0.9924,                0.98265,                0.99321,                0.85154,                0.68687,                0.47252,                0.80639,              0.0011881,              0.0011881,              0.0011881
                      8,                0.77533,                0.53972,                0.88096,                0.98878,                0.99162,                0.99457,                0.87726,                0.67212,                0.48861,                0.79984,              0.0011757,              0.0011757,              0.0011757
                      9,                0.76011,                0.51754,                0.87635,                 0.9883,                0.99171,                0.99397,                 0.8465,                0.68854,                 0.4462,                0.80324,              0.0011634,              0.0011634,              0.0011634
                     10,                0.73912,                0.50543,                0.87477,                0.99156,                0.99479,                0.99449,                0.86474,                 0.6842,                 0.4393,                0.80164,               0.001151,               0.001151,               0.001151
                     11,                0.72724,                0.49259,                0.86363,                0.99063,                 0.9905,                0.99433,                0.88039,                0.63263,                0.42066,                0.78967,              0.0011386,              0.0011386,              0.0011386
                     12,                 0.7152,                0.48394,                0.85977,                0.99197,                0.99125,                0.99379,                0.86978,                0.64492,                 0.4386,                 0.7961,              0.0011263,              0.0011263,              0.0011263
                     13,                0.70055,                0.47485,                0.86231,                0.98933,                0.99636,                0.99363,                0.87555,                 0.6191,                0.42007,                0.78676,              0.0011139,              0.0011139,              0.0011139
                     14,                0.69176,                0.46122,                0.85872,                0.98833,                0.99492,                0.99452,                0.89842,                0.59174,                0.40489,                0.78386,              0.0011015,              0.0011015,              0.0011015
                     15,                0.68268,                0.44705,                0.85142,                0.99538,                0.99405,                0.99264,                0.88133,                0.59896,                0.38807,                0.78005,              0.0010891,              0.0010891,              0.0010891
                     16,                0.66313,                0.43621,                0.84846,                0.98721,                0.99023,                0.99456,                0.88973,                0.57205,                0.39364,                0.77859,              0.0010768,              0.0010768,              0.0010768
                     17,                0.66405,                0.43353,                0.84777,                0.98882,                0.99226,                0.99403,                 0.8963,                0.56083,                0.37995,                0.77634,              0.0010644,              0.0010644,              0.0010644
                     18,                0.66224,                0.42692,                0.84801,                0.99314,                0.99326,                0.99362,                  0.901,                0.53825,                0.36674,                0.77237,               0.001052,               0.001052,               0.001052
                     19,                0.65302,                 0.4259,                 0.8495,                0.99248,                0.99343,                0.99413,                0.89592,                 0.5748,                0.39361,                0.77578,              0.0010396,              0.0010396,              0.0010396
                     20,                0.64998,                0.42523,                0.84862,                0.99449,                0.99339,                0.99443,                0.90257,                0.53745,                0.36522,                0.76954,              0.0010273,              0.0010273,              0.0010273
                     21,                0.62839,                0.41406,                0.84126,                0.99369,                0.99309,                0.99284,                0.89583,                0.59034,                0.36298,                0.77088,              0.0010149,              0.0010149,              0.0010149
                     22,                0.63757,                0.40608,                0.84115,                0.99456,                0.99612,                0.99387,                0.89455,                0.56093,                0.36453,                0.76729,              0.0010025,              0.0010025,              0.0010025
                     23,                0.62519,                0.40124,                0.83665,                0.98691,                0.99601,                0.99339,                 0.9041,                0.55081,                0.35775,                0.76524,             0.00099013,             0.00099013,             0.00099013
                     24,                0.62701,                0.39898,                0.83872,                0.99331,                0.99482,                0.99325,                0.89656,                0.55494,                0.35957,                0.76771,             0.00097775,             0.00097775,             0.00097775
                     25,                 0.6475,                0.40232,                0.84272,                 0.9939,                0.99533,                0.99458,                0.90719,                0.52589,                0.34222,                0.76066,             0.00096537,             0.00096537,             0.00096537
                     26,                0.61086,                0.39115,                0.83677,                0.99131,                0.99574,                0.99373,                0.91441,                0.54463,                0.36998,                0.76306,               0.000953,               0.000953,               0.000953
                     27,                0.60752,                0.39061,                0.83682,                0.99316,                0.99462,                0.99429,                0.91129,                  0.529,                0.33486,                0.76206,             0.00094062,             0.00094062,             0.00094062
                     28,                0.60583,                0.38251,                0.83173,                  0.993,                0.99236,                0.99324,                0.91625,                0.52997,                0.35119,                0.76266,             0.00092825,             0.00092825,             0.00092825
                     29,                0.59593,                0.38021,                0.83299,                0.98952,                0.99319,                0.99412,                0.90741,                0.53845,                0.34579,                0.76211,             0.00091588,             0.00091588,             0.00091588
                     30,                0.59963,                0.38138,                 0.8331,                0.98902,                0.99413,                0.99375,                0.90617,                0.55041,                 0.3468,                0.76406,              0.0009035,              0.0009035,              0.0009035
                     31,                0.59916,                 0.3777,                0.83683,                0.99281,                0.99247,                0.99439,                0.91012,                0.52354,                0.33069,                0.76276,             0.00089112,             0.00089112,             0.00089112
                     32,                 0.5822,                0.37228,                0.82922,                0.99117,                0.99414,                0.99339,                0.91492,                0.52693,                0.33375,                0.76069,             0.00087875,             0.00087875,             0.00087875
                     33,                0.59719,                0.37416,                0.83279,                0.99436,                0.99635,                0.99305,                0.90774,                0.51622,                0.32461,                0.75869,             0.00086637,             0.00086637,             0.00086637
                     34,                 0.5762,                0.36867,                0.83019,                0.98827,                0.99545,                0.99344,                0.90377,                0.55846,                0.33823,                0.76097,               0.000854,               0.000854,               0.000854
                     35,                0.58349,                0.37183,                0.82771,                0.99392,                0.99284,                 0.9943,                0.90782,                0.52464,                0.31957,                0.75483,             0.00084162,             0.00084162,             0.00084162
                     36,                 0.5839,                0.36983,                0.83134,                0.99521,                0.99205,                0.99307,                0.91782,                0.52356,                0.32634,                0.76195,             0.00082925,             0.00082925,             0.00082925
                     37,                0.56742,                 0.3582,                0.82691,                0.99313,                 0.9932,                0.99302,                0.91912,                0.52021,                0.31685,                0.75834,             0.00081688,             0.00081688,             0.00081688
                     38,                0.55941,                0.35357,                0.82686,                0.99374,                0.99327,                 0.9937,                 0.9148,                0.48626,                0.31789,                 0.7554,              0.0008045,              0.0008045,              0.0008045
                     39,                0.56407,                0.35621,                 0.8303,                0.99495,                0.99312,                0.99455,                0.91225,                0.50109,                 0.3237,                0.75838,             0.00079213,             0.00079213,             0.00079213
                     40,                0.56591,                0.35515,                0.82668,                0.99232,                0.99115,                0.99334,                0.92086,                0.48518,                0.30859,                0.75698,             0.00077975,             0.00077975,             0.00077975
                     41,                0.56747,                0.35859,                0.82297,                 0.9916,                0.99495,                0.99368,                0.92226,                0.49738,                0.31324,                0.75336,             0.00076738,             0.00076738,             0.00076738
                     42,                0.55266,                0.34794,                0.82131,                0.99431,                0.99402,                0.99266,                0.92914,                0.49656,                0.30864,                0.75226,               0.000755,               0.000755,               0.000755
                     43,                0.55759,                0.34615,                 0.8242,                0.99379,                  0.995,                0.99298,                0.92769,                0.47761,                0.30132,                 0.7541,             0.00074263,             0.00074263,             0.00074263
                     44,                0.54508,                0.34155,                0.82351,                 0.9936,                 0.9947,                0.99417,                0.92512,                0.47336,                0.30857,                0.75318,             0.00073025,             0.00073025,             0.00073025
                     45,                0.54052,                0.34003,                0.81971,                0.99251,                0.99496,                0.99212,                0.91577,                0.50291,                0.30876,                0.75354,             0.00071788,             0.00071788,             0.00071788
                     46,                0.55483,                 0.3482,                0.82056,                0.99399,                 0.9965,                0.99355,                0.92509,                 0.4866,                0.30418,                0.75388,              0.0007055,              0.0007055,              0.0007055
                     47,                0.52854,                0.33438,                0.82155,                0.99305,                0.99516,                0.99225,                0.92902,                0.46688,                0.30187,                0.75387,             0.00069313,             0.00069313,             0.00069313
                     48,                0.53318,                0.33274,                0.81999,                0.99456,                0.99516,                0.99413,                0.92339,                 0.4681,                0.29883,                0.75231,             0.00068075,             0.00068075,             0.00068075
                     49,                0.53194,                 0.3323,                0.82133,                0.99147,                0.99362,                0.99344,                0.93417,                0.45238,                0.30102,                0.75062,             0.00066838,             0.00066838,             0.00066838
                     50,                0.53316,                0.33295,                0.82515,                0.99399,                0.99322,                0.99382,                0.93719,                0.47686,                0.30211,                0.75136,               0.000656,               0.000656,               0.000656
                     51,                 0.5211,                0.32641,                0.81942,                0.99454,                0.99665,                0.99357,                0.93196,                 0.4681,                 0.2986,                0.75105,             0.00064362,             0.00064362,             0.00064362
                     52,                0.52652,                 0.3334,                0.81865,                0.99633,                0.99315,                0.99403,                0.94143,                0.44789,                0.28295,                0.74802,             0.00063125,             0.00063125,             0.00063125
                     53,                0.51917,                0.32391,                0.81381,                0.99519,                0.99279,                0.99437,                0.93653,                0.42769,                0.27349,                0.74819,             0.00061887,             0.00061887,             0.00061887
                     54,                0.51561,                0.32265,                0.81513,                0.99502,                0.99244,                0.99477,                0.93973,                  0.448,                0.29455,                0.74815,              0.0006065,              0.0006065,              0.0006065
                     55,                0.52129,                0.32658,                0.81871,                0.99357,                0.99296,                 0.9948,                0.93314,                0.44512,                0.28609,                0.74718,             0.00059413,             0.00059413,             0.00059413
                     56,                 0.5108,                0.32128,                  0.819,                0.99464,                0.99457,                0.99385,                0.92493,                0.48297,                0.29208,                0.75228,             0.00058175,             0.00058175,             0.00058175
                     57,                0.50118,                0.31539,                0.81469,                0.99362,                0.99573,                0.99263,                0.93405,                0.43402,                0.27673,                0.74701,             0.00056938,             0.00056938,             0.00056938
                     58,                0.51521,                 0.3183,                0.81641,                0.99495,                0.99348,                0.99485,                0.93512,                0.46639,                0.28515,                 0.7484,               0.000557,               0.000557,               0.000557
                     59,                0.49964,                0.31466,                0.81881,                0.99456,                0.99304,                0.99454,                0.94773,                0.42938,                0.28558,                0.74511,             0.00054463,             0.00054463,             0.00054463
                     60,                0.49998,                0.31492,                0.81438,                0.99448,                0.99295,                0.99289,                0.93015,                0.48638,                0.29359,                0.75017,             0.00053225,             0.00053225,             0.00053225
                     61,                0.50243,                0.31103,                0.81267,                 0.9942,                0.99542,                0.99245,                0.93887,                0.43509,                0.27493,                 0.7472,             0.00051988,             0.00051988,             0.00051988
                     62,                0.49303,                0.30742,                0.81256,                0.99611,                0.99271,                0.99337,                0.93813,                0.44334,                 0.2735,                0.74738,              0.0005075,              0.0005075,              0.0005075
                     63,                 0.4979,                0.30861,                0.81154,                0.99379,                0.99219,                0.99207,                0.93655,                0.45122,                0.27514,                0.74806,             0.00049513,             0.00049513,             0.00049513
                     64,                0.48218,                0.30741,                0.81226,                0.99552,                0.99516,                 0.9932,                0.94019,                0.43507,                 0.2737,                0.74634,             0.00048275,             0.00048275,             0.00048275
                     65,                0.48668,                0.30547,                 0.8135,                 0.9945,                0.99516,                0.99231,                0.93886,                0.43336,                0.27378,                 0.7433,             0.00047038,             0.00047038,             0.00047038
                     66,                0.48177,                0.30082,                0.80834,                0.99542,                0.99514,                0.99416,                0.93837,                0.45242,                 0.2648,                0.74631,               0.000458,               0.000458,               0.000458
                     67,                0.48927,                0.30584,                0.81632,                0.99291,                0.99718,                0.99213,                0.93362,                0.44026,                0.26819,                0.74443,             0.00044563,             0.00044563,             0.00044563
                     68,                0.48809,                0.29974,                0.81355,                0.99425,                0.99665,                0.99455,                0.93897,                0.44554,                0.26464,                0.74834,             0.00043325,             0.00043325,             0.00043325
                     69,                0.47605,                0.29908,                0.80955,                0.99477,                0.99318,                0.99332,                0.94596,                0.41288,                0.25634,                0.74415,             0.00042087,             0.00042087,             0.00042087
                     70,                0.47439,                 0.2944,                0.81172,                0.99496,                 0.9929,                0.99387,                0.93664,                0.47801,                0.27612,                0.74691,              0.0004085,              0.0004085,              0.0004085
                     71,                0.47082,                0.29215,                  0.814,                0.99555,                0.99249,                0.99244,                0.94523,                0.41964,                 0.2586,                0.74328,             0.00039613,             0.00039613,             0.00039613
                     72,                0.46557,                0.29115,                0.80738,                0.99378,                0.99766,                0.99309,                0.94333,                 0.4059,                0.25717,                 0.7428,             0.00038375,             0.00038375,             0.00038375
                     73,                0.46117,                0.28861,                0.81083,                0.99369,                0.99451,                0.99323,                0.94151,                0.41779,                0.26206,                0.74336,             0.00037138,             0.00037138,             0.00037138
                     74,                0.45825,                0.28581,                0.81206,                0.99355,                0.99656,                0.99428,                0.94201,                0.41554,                0.25595,                0.74266,               0.000359,               0.000359,               0.000359
                     75,                0.46171,                0.29087,                0.80674,                 0.9935,                0.99665,                0.99321,                 0.9449,                0.42226,                0.25392,                0.74184,             0.00034663,             0.00034663,             0.00034663
                     76,                0.45955,                0.28921,                0.80912,                0.99233,                0.99678,                0.99346,                0.94307,                0.42316,                0.25427,                0.74332,             0.00033425,             0.00033425,             0.00033425
                     77,                0.45547,                0.28488,                0.80954,                0.99525,                0.99205,                0.99325,                0.94488,                0.41934,                0.25404,                0.74159,             0.00032188,             0.00032188,             0.00032188
                     78,                0.44955,                 0.2815,                0.80821,                0.99389,                0.99721,                0.99388,                0.94842,                0.39211,                0.24288,                0.73895,              0.0003095,              0.0003095,              0.0003095
                     79,                0.44971,                0.27841,                0.80703,                0.99578,                0.99377,                0.99295,                0.94511,                 0.4088,                 0.2549,                0.74173,             0.00029713,             0.00029713,             0.00029713
                     80,                0.44339,                0.27525,                0.80776,                0.99082,                0.99665,                0.99452,                0.94398,                  0.405,                0.25247,                0.73994,             0.00028475,             0.00028475,             0.00028475
                     81,                0.44174,                0.27508,                0.80875,                0.99452,                0.99201,                0.99233,                0.94765,                0.40617,                0.25091,                0.74126,             0.00027237,             0.00027237,             0.00027237
                     82,                0.43909,                 0.2699,                 0.8053,                0.99224,                0.99369,                0.99268,                0.94844,                0.40653,                0.25385,                0.73984,                0.00026,                0.00026,                0.00026
                     83,                0.43943,                0.27227,                0.80497,                0.99457,                0.99219,                0.99297,                  0.945,                0.39553,                0.24489,                0.73968,             0.00024762,             0.00024762,             0.00024762
                     84,                0.43417,                0.26998,                0.80502,                0.99339,                  0.994,                0.99319,                 0.9437,                0.41204,                0.25422,                0.74081,             0.00023525,             0.00023525,             0.00023525
                     85,                0.42719,                0.26682,                0.80409,                0.99323,                0.99219,                0.99347,                0.94688,                0.39806,                0.24747,                 0.7403,             0.00022288,             0.00022288,             0.00022288
                     86,                0.43111,                0.27285,                0.80702,                 0.9949,                 0.9927,                0.99321,                0.94798,                0.39284,                0.24869,                0.73897,              0.0002105,              0.0002105,              0.0002105
                     87,                0.41711,                0.26421,                0.80206,                0.99295,                0.99395,                0.99283,                0.94856,                0.38916,                0.24059,                0.73797,             0.00019813,             0.00019813,             0.00019813
                     88,                 0.4241,                0.26768,                0.80465,                0.99575,                0.99346,                0.99256,                0.95155,                0.39105,                0.24268,                0.73815,             0.00018575,             0.00018575,             0.00018575
                     89,                0.42603,                0.26591,                0.80408,                0.99475,                0.99368,                0.99357,                0.95216,                0.37995,                0.23954,                0.73778,             0.00017338,             0.00017338,             0.00017338
                     90,                0.41924,                 0.2618,                0.80152,                0.99402,                0.99399,                0.99351,                0.95154,                0.38278,                0.23356,                0.73805,               0.000161,               0.000161,               0.000161
                     91,                 0.4398,                0.27048,                0.80651,                0.99486,                0.99219,                0.99374,                0.94512,                0.40495,                0.24642,                0.73933,             0.00014862,             0.00014862,             0.00014862
                     92,                0.42581,                0.26768,                0.81119,                0.99347,                0.99219,                0.99339,                0.95207,                0.38997,                0.24796,                0.73884,             0.00013625,             0.00013625,             0.00013625
                     93,                0.41831,                 0.2633,                0.80894,                0.99549,                0.99292,                0.99262,                0.94949,                0.38297,                0.24109,                0.73809,             0.00012387,             0.00012387,             0.00012387
                     94,                0.40918,                0.26202,                0.80133,                 0.9955,                0.99402,                 0.9929,                0.95249,                0.38853,                0.24173,                0.73871,              0.0001115,              0.0001115,              0.0001115
                     95,                0.40715,                0.25919,                0.80578,                0.99516,                 0.9935,                0.99273,                0.95617,                0.37881,                 0.2405,                0.73826,             9.9125e-05,             9.9125e-05,             9.9125e-05
                     96,                0.40298,                0.25089,                0.81095,                  0.994,                0.99368,                0.99222,                0.95352,                 0.3781,                0.24003,                0.73791,              8.675e-05,              8.675e-05,              8.675e-05
                     97,                0.39936,                0.24985,                0.80834,                0.99643,                0.99386,                0.99204,                0.95446,                0.36549,                0.23929,                0.73712,             7.4375e-05,             7.4375e-05,             7.4375e-05
                     98,                0.39107,                 0.2485,                0.80028,                0.99558,                0.99368,                0.99198,                0.95239,                0.37247,                0.23923,                0.73722,                6.2e-05,                6.2e-05,                6.2e-05
                     99,                0.38417,                0.24484,                0.80469,                0.99602,                 0.9942,                0.99258,                 0.9535,                0.37465,                0.23832,                0.73681,             4.9625e-05,             4.9625e-05,             4.9625e-05
                    100,                0.38675,                0.24361,                 0.8068,                0.99587,                0.99396,                  0.992,                0.95105,                0.37451,                0.23494,                0.73689,              3.725e-05,              3.725e-05,              3.725e-05
